X1,X2
-1.5540996429780074,1.8114402728539432
0.05700686555407408,-2.2798308888304026
-2.970065255066631,1.649881298211941
-2.7648271391276955,1.767059892323216
-2.8510810471119266,0.9701139860298511
1.332548670849608,1.2443638178349605
0.14609231285001645,2.2143978641381423
2.9689211599833634,1.1721851450817908
-1.115172223718758,0.38139477944378886
-1.6111582177179695,-1.0152079595075405
2.0765589512547216,0.22552956919231093
1.8294297209878057,2.952406652049209
-2.7311590399241936,0.7001199132264193
1.7016008178838353,0.5388832529441805
-0.3293002206135305,2.349825417907077
-2.7159713196840385,-2.1568033348987754
1.7376847353450957,-1.7321730293052382
0.9393306175007918,-0.8447583063836581
-0.6885695939142087,-1.9039405284026913
0.45065091476626273,-2.942034327387299
2.886955380987459,1.7526920803928503
1.3550749984309851,0.24715242426101813
-1.969474943987131,-2.4901454173841397
2.515219538341257,-0.7742395616573354
1.1402909162220691,2.5961915571408367
-0.2286282379811162,2.8867349510631204
2.36974983715419,0.6862804268699856
1.079741128996723,-0.6151216727353894
-1.9035599612648828,1.1975807936814
-2.5852532528082293,0.03874046427248157
-1.7930067313431213,-2.603230262975259
-0.6335185268077845,-0.23343792780313866
1.5950421662122372,-0.9331082224992775
-1.4516522045819726,2.9247079573606323
2.212192052920434,-0.3496195087166729
-0.852461328556414,-0.9130498535273706
-2.6483304302638224,2.5161730138265783
1.6404982736361635,-1.4961930236665448
0.7707150404036223,2.29803977851608
-0.08440838256280081,2.8021954666138535
0.4387529147772007,-2.70626287394649
2.3859177602453006,1.6664440847292674
-2.9975869900378216,0.6339215914167085
2.661136813084994,1.0596792588405037
2.9915555512664307,1.5639818083475374
2.45471019242993,-1.7240938177622283
-2.0724439972471727,0.9012614303648379
-2.886075177768603,-0.767892991254004
2.1714903863872417,-2.5695779553717566
-2.6220050711014897,1.2742231124466565
1.0821237500908403,1.9690484016375702
1.2109397094281107,1.4143170059698216
2.7418158119834146,-2.762775485117772
-1.706164187272226,-1.3496390464663095
-1.393732855439307,-1.527637099174129
1.0882572143292988,-1.314891972215412
-2.695516131278647,-2.7040974487708542
1.8481659870794855,-1.2610384450739573
-0.5046317231270212,1.6632462788272466
-2.2830473572677725,-0.5869886537708484
2.6483530383616998,1.7947315416439658
1.5275742911336412,-1.0981213850613247
-0.9855931760617533,1.1065702701255198
2.97032436502052,2.4313865567767676
-2.266069737415618,0.091128580432422
-0.23009189408940678,-1.2103900546794935
2.685290679242902,-0.21519754129623792
1.0986583862016026,-0.32507032389658264
-1.3992327984267436,-2.004549950432735
-0.5228983909176002,-2.0770339136714373
2.2041461631825605,-2.817703793320854
2.941119648681263,1.733810127574614
-2.129819609311004,1.2921937166675166
1.6477638953660554,-2.135421241541354
1.7222987206508442,1.3809875990799645
2.154998274659685,0.5271044302555694
-2.0140333593313358,2.7012915942933136
1.7891786475222693,1.3688446277658048
2.2450631158819467,0.4514508561638886
1.6174784139745597,-2.001569604609267
0.2587351684702788,1.9122550007952182
-2.212462497107728,-1.9667075867736392
2.695260003856367,-2.534571167624435
-1.1075494294985502,0.8532463731547679
-2.9427294254015486,-1.7584074288997342
0.6108625945155008,-0.7308551003708503
-0.6440181773090892,1.4582251712153118
-0.8946097109453812,2.4808531720285005
-0.9804335910053119,2.0798177011550543
0.6558907033689967,-2.0023119089402694
-1.95026214009907,-1.6382553426139677
-1.3634593056479436,1.6923206347737327
1.01327124890242,0.3673659204379254
-1.9804541126855475,-0.1773931403426583
1.7281632265242282,0.4699685950975434
-2.5049045213484566,-1.4976208282986514
-0.9412378435810305,-0.2925366499667632
-2.545581136526854,0.21913561269004322
-0.6833142717329244,2.793841416579866
-0.024850239691261766,-0.6612218889192061
0.38016553700832567,-0.3513398264901957
-0.21408025293581012,1.2734302700184568
-1.863374639656724,-2.3403982943561674
-2.0217700439454163,-0.9878095454649554
1.377071748764573,2.538548060066584
2.5439837385611304,0.26843628593981705
-2.3827177020196553,1.2005865226904167
-2.6959905894252034,1.7176820286182588
2.6678302188668876,-1.0504483688468413
-1.573923408163217,2.57736063890171
2.9081872138493248,2.1028666398464626
1.6477075143866147,-1.7987145113185126
0.22740652630023828,0.8892925005936534
2.2675966047128355,0.0973420132433791
2.5704711991439027,1.6502724856706363
-1.8553882645847033,-1.088066050305294
-0.15788632733711871,1.0143854535970886
1.8359727958924,1.3129264485347196
2.63618656976608,2.9983109368557423
2.5583516603413585,2.950601290113683
0.9633004725360075,1.5936642097611227
0.14753727825204344,-0.7741539182247497
-2.765760368290251,-0.7697281044003854
2.187613485840851,1.610155625801955
-2.130035529612856,-0.2480369484451792
-0.9299875819193728,-0.72205756642186
0.16661272192385557,2.555370322886528
-0.26094031274890206,-0.4781647118597929
-1.122453526931353,-0.5267468970084783
-0.8347369550424655,1.7488583874849448
-1.0188256594316905,1.6487710222180558
2.9456983579494214,-2.4928933235512902
1.421373616121488,-0.04014394750791306
0.033111478863118826,2.7686963084378116
-2.461486257576686,0.01948835332065446
1.488598867561235,-0.7300923703520343
1.7265953511606593,2.824325677609834
0.9338353546397897,0.09953439004207887
0.049769609381933755,-2.3124185530070003
-1.2201716972516319,1.417019256293762
0.7772461035885883,-0.7843669050436297
-2.1086354748590406,-1.59789460056352
-1.067486396463651,-0.4136977464640279
0.4914097422501498,2.573634939858639
2.40137144399924,1.7293553248916353
-0.7941336401169687,-1.61906459519056
-2.0452450767848034,-0.9102339890940092
-2.3842900417921165,1.0212098511535386
-2.0061284062465123,-1.8178687518135932
1.0374972822841375,-2.9771935215279264
1.332129516460828,-2.914134920177567
0.653598257965867,-0.6800271733809531
1.3119135877878279,-1.5881357766099702
2.108324460017605,-2.4814899536948034
-1.0573367120982229,-2.3224516676036435
2.2976186651951576,2.0212102516182746
1.5621056451885833,-0.4250353824711861
-2.623193774908464,-1.1944993444679703
1.025236459772307,-1.6362389956112044
0.8414613889082796,2.2229461409757416
-0.9257165640468763,-2.3081361003902408
2.640255793735511,2.5326301330774355
-1.8443318578446903,2.633482368042558
0.8692691917489546,-0.3422427885520998
-0.8806403599676464,0.0906535649614959
2.4996897750916958,2.7029833771388834
-2.4311838517556037,2.61487683119664
0.5052312631209421,-2.069945801463171
1.2434350414834965,-2.236710751495816
-1.4435806481724545,-0.803309681401462
-2.521550268441472,2.8155354029995987
-0.5292421099766673,-1.691325504722297
-2.8002174893799796,-1.2368043815368037
-2.663863125799642,-1.2276737066214989
-2.5545726924334904,-0.6685046940084414
-0.4722170966803816,2.275739325465329
1.3863748896457535,-2.0265713884926266
0.1499394065056192,2.9864048428049195
2.343843183450007,-1.194543364700784
2.8610845983586053,2.75521849208393
1.7764196760515567,1.6951359881802839
-0.9815488991542782,-0.73569587745442
2.2717704458225167,0.2611397956381989
2.6024604430355938,-0.126949410805012
-1.9243340077697115,0.7398616076841416
-2.139258388976785,1.6024995618797409
2.515582260334808,2.8143338819406694
-1.8553924371973647,1.846348390139788
2.4493116655004155,0.20890917259135744
-2.599977232207599,-1.2657811025188745
-0.672621347882755,-2.3281986588113313
-1.404993592632478,-1.623947992017222
-0.9226416846813059,-2.914976930340795
1.3014765539581994,2.186946875002736
2.466239911963763,-0.3750401292826213
1.928997382297191,-2.0280266485481673
-2.0172414264791114,0.5790522004715162
2.993349402955296,-2.8156536850300125
-1.84691082437003,0.9307637639057456
1.7414368641528037,-0.4970536770351859
0.8511273448085808,-0.9388038984714466
-0.08936550787695641,-1.5006738956371173
-2.960801857990158,-2.835583362883948
-1.873337298661066,1.6002485768289691
-0.5051908587198435,-1.7542200021781211
0.8561971401984803,2.620163483542048
0.07142465884701465,2.4318095457128646
-2.1762167043517104,-0.4973842232246506
1.2752658496427296,-0.9367016887808877
-2.649235074312765,-1.0838201496469948
1.8101616828340505,-1.1441174024233682
-2.8691448265690163,-2.1152065815019703
-2.3577463500720626,-1.1127014001056528
0.7084899449327482,1.9144753060585158
2.996311794875287,0.06193961690474126
-1.9030299700056708,0.3153989959906074
2.789386820062955,2.3822102697108507
2.106361929671311,-0.5405961242493289
-2.6436248714490906,-2.4096073183900697
-2.4908000398863326,-1.6722242398977627
-1.2108484147708156,1.5231038424764893
0.438906817019721,-2.754026876487324
1.8488104248393444,-1.630241940390626
2.8567702502586396,-0.3578973165359529
2.473609582840113,-2.403082156107764
-0.9445674135446391,2.3665988842256613
-1.9162513861498314,-1.4114717055335066
-0.37770591517492313,-1.1131004647836649
0.725391085889064,1.732880811224219
-0.26562609059350306,0.8561765630167324
0.42358720122716775,-2.7724368908898147
-2.6099641985618782,-1.0819228892897876
-1.553904864450727,-1.3759714228496502
1.1756466428658943,-2.21161948304951
-1.9073120318749688,1.4594186817191837
1.3530545320141343,-0.30547567094414685
0.7631120862908212,1.2719569039245773
0.09154413034785192,-0.2762462700170678
2.158318960725574,2.888501571508799
0.12496054167311854,-0.7093602884297843
-2.0120901510933757,1.54589175481006
0.8772817527801706,2.623399054583185
1.9505810885371,0.044314468404487606
2.0913722446617777,2.7473858067269736
-1.1511856976638424,-2.097238942152755
-1.5855659328745986,2.5408204288388587
2.612041999778566,0.9987852208790575
1.682149787393695,2.7056620058907423
0.01637315206991774,-2.0279627465324195
-2.6364004108910946,-1.3453287560676241
0.45150973895196334,-0.44056254488315005
2.0042197878797694,1.609973436417235
1.532861413285164,-1.0838935769393805
2.3834325402694727,-0.4280287374882592
0.4463398165703021,-2.460335069711082
-1.5501884501672096,2.7283248963580222
-0.7615838474541166,-0.9728101321557938
-1.6144751062255722,-1.7254764622673116
0.7722542358405011,0.9951739410029901
-0.3210338590463335,1.7048216270242404
0.17292975520151987,-2.863275237062983
0.1077842406802536,-1.3172116569770618
-0.6810724984027621,-1.1194060789710365
1.5694821698428338,2.1117789769413013
1.5525269292617772,0.860393367858518
-2.8431610369015905,-2.737052046361439
1.7278879038154518,2.6243609425302665
-2.305378896603669,-1.09719663894017
-1.0279317286961684,2.140594211497696
-0.0018302015512063896,1.1334217672259914
-1.9189938130541988,-1.858928506651156
-0.04193121480475703,1.2658389214633718
2.2425255448874575,-1.9928378351262617
-1.6660412136243017,2.041975149551736
2.276398932261288,-2.806282747024912
0.1866284770129587,-1.6405507131060517
1.3283651297298178,-0.11741693506322104
-1.6893078841225226,-1.5010166359770525
0.8704573585392028,-1.3710091639132997
-0.2652807485665063,2.0065290433151537
-2.6151040264410037,2.735641886726331
1.153361536125617,-0.7825556904584774
-2.1789841047568768,-2.789569404261969
0.27849725312072726,-0.773981928681823
-0.6659546588624807,0.9706803964864212
1.7686664964972634,-0.9908030471987619
-2.4537234128031944,1.525160699122953
1.6178114944194864,2.9472056033344787
1.4056814642550144,-0.16841751096104574
0.3830399580266506,0.9419390457568246
0.4034030510545801,-1.7347880684520571
-1.961826738199756,2.267970113684232
2.624977235410234,-0.3828688622135772
0.41935069876690045,-1.43552800454667
-0.48801805435071355,1.8404897775345432
-2.8973747312741818,0.8363348074928938
-0.3526419018622078,-2.178434800792825
1.1803835318699987,1.4627006819813566
2.8142284197287584,-1.8089544186627553
-1.0908127900463698,-0.8584109391024946
0.04269400600274764,-1.2838266946281638
-0.5336688234856517,-2.8704719952515827
1.2964880351152432,-2.1279947300005615
1.2462908747606374,2.7102967386336054
1.9530628217366193,-2.7460330764305625
0.36552222150366465,-2.8469785768312073
1.233348640596648,-1.2105015679752196
-2.8821181467853694,-1.8988447441878842
0.6955995241618549,-0.8006619727864224
1.8010356781298578,1.4565503014222685
-2.10456789334109,-2.14253499946773
1.2978188892356801,-0.3401623552712021
0.22801260354312358,1.8618513762164879
1.2148106644740295,-1.6271527264727659
-2.92087743889274,-2.0936513908533727
-0.5790069563169409,1.7076944836546764
-1.682938309735156,-1.0693953158434122
-0.9199225511137823,-0.9299205721311958
2.302669010332428,-2.766563432338624
-2.995435318440991,1.7690300675823423
0.1696192366406173,0.17428244364564094
-1.98215936250475,0.8159612620545378
2.157740036622,0.26233024427051044
0.04647350392856975,-0.8706137176376871
-0.3350929024998388,0.23826482275878025
-0.6158739528085264,0.4650719418538465
-1.0693315819521156,2.8287402731818254
1.0209024123233696,0.704404818212113
-0.2237748978533043,0.5532619716556861
-0.6588293122550213,-0.11681329225898729
-2.616449653930227,-0.012951307972289605
-1.1112475724947564,-1.0671158302316632
0.6218846016245143,1.9942020916935883
2.646319167804519,2.3901325883913795
1.7324758541076353,2.781158959759156
-2.52511451697728,0.7788403893981801
1.5999938230349393,0.5992177233668334
-0.5085684813045308,-1.8065567265706524
1.0248875615152926,-0.9459779513403062
-2.2841096667683765,2.5837090557762004
1.3775632233245831,1.3929228085638332
0.9158868902742618,1.897550046359151
-0.03854965110829589,0.6580618189476208
-2.3523947816677917,-0.32778142692622847
-2.5795471899058806,-1.9145662568019892
-0.8994220214240176,-0.5939984449619309
-0.04979921648175223,2.5121307952009273
0.9073395380807368,-0.9710610294693307
-1.9181586731312568,2.1067541543510755
0.3005051125921643,-2.018026433530623
2.6913371175545535,-2.5165583507890505
1.3503013010707061,0.29751964731657576
-0.8559472909703159,-0.877060550016993
-1.9762115223389705,-2.2568066284289556
1.4594346547677866,1.199179546789038
-0.8940092416813843,-0.10611303935287708
-0.5085346177203669,-1.2305304249476023
0.9120117122917173,0.5155271617356725
2.4907053924326306,-1.570184749402069
-0.10000741750417586,-1.818682967934934
-1.6719122000546196,2.7157017079849153
-1.3376520327561583,-2.1575358971080973
-0.8472724269267164,0.6843018712933304
-2.0892527964616097,-2.672554009111029
-2.167222014811126,-0.602711272214906
-2.8832322204551986,1.5397842590857147
-2.2538729188791375,2.5778079667891864
-1.011342790236478,2.3179298321774846
-1.4297055631010889,-2.7684198705297685
2.4144037826210507,-2.2664056173229508
0.7891646234404011,-1.7718269095206265
1.8840183231290126,-0.6322292408225376
0.4726103929189138,2.629096724237314
-1.277065733745402,2.9305035053380477
-0.17948213809870062,2.7570001770412382
-1.2417260002278998,0.12224202736770451
-0.9738852589661651,-1.6675563005680432
-0.5081055500103195,-2.27168874835568
-1.3125390809670925,-0.5278310940407867
-2.536529008137564,1.6751190117487553
0.15035245578729395,0.07736973981881201
-2.0938124768642576,-0.5536291620217204
1.1934044652436837,-0.6141999964409077
-1.195258747771753,2.061461342881066
-1.592393012941879,-0.6048648314774052
-1.2766791835524869,-1.5366928073678348
0.8407933743252678,1.3170668289910719
-1.3168611830962256,1.6204290996983675
1.3670190629996046,-1.216640148970151
1.7525556993259288,-2.316947355675106
0.46410398218768556,1.5531300845444669
2.7994855792071363,2.4242146168211898
-2.552985602402803,0.11950842009945983
-0.41928666726576047,-1.4777829855954006
2.446384345383481,2.81790893049717
2.118613180877084,-0.4474932192254042
0.42975745393960585,1.034336409855661
0.19377151081478772,-2.9427815339463583
1.2414387038175132,-0.6295486115442466
-2.4872676900146207,-2.32141416643725
1.0040365388422634,1.9923207752975065
0.48402676893603935,2.3062027165819288
2.5606552365158395,-1.937192629369629
-0.18550583697926148,2.89829683661148
1.9490465617461048,-0.8313528405682202
1.2843612122642813,2.6825466030470775
2.9452945466098814,1.9766127285001556
0.430724231845554,-1.8059688652977353
-0.7125008728021038,0.24903242757559996
0.08088613634265318,1.2767117609765455
-1.248175536211648,0.946243997625015
2.0215514143213245,-0.41937007015142935
-1.6121034312546128,-1.1015204053235301
1.3017745963898228,2.6217682261883253
-1.1349262591467126,0.2164133326030564
-1.181116394722131,-2.8801385379540667
-0.9108370903567646,2.9686877708594084
1.0414044800692697,1.0844434287089957
2.419013644844747,-1.6538560437748946
2.3590399040538053,-1.74752713025329
2.633576315994535,-1.5418234309650942
-2.14655570402593,-0.7117820681854701
-0.17675163889976897,-1.016102616362055
2.5007320317567734,0.6151645281189442
-1.5921133997288217,-1.269542144958799
2.342527331492261,2.6983676086712407
-2.9058276959041818,2.014522618347687
-0.7893128132594027,0.46633018364864576
0.21161464975858557,2.899206057970127
-1.4880272216739137,1.3728715680783772
-2.5972820444873816,2.336179191959194
-1.639100983432498,-1.792885122083812
2.0452044628864066,-1.9576266748884543
-1.8820491776103891,-1.5106906309920873
-1.1885621566635904,2.057672024633474
-0.6365547431239715,0.4514453719291236
-0.3748981727345262,-2.8608644076347196
-0.4490915369719901,1.0802375731066496
2.4298216468117904,2.6844011567462465
1.4023303257240505,-1.3545009712717857
0.05620748323260205,-2.5395980221035255
-0.27121376450075196,2.530702509408467
-2.3094967238220945,2.9682612059403874
-1.3885862132895417,1.1951611022056383
-1.3986265294281761,1.5761979767697136
2.99016881135554,-2.8554285577975067
-0.8217890509173476,2.091117592955496
-2.1395537688961617,1.936503910067259
-0.675743327112718,-1.2836981860043302
-1.9306609674042183,-1.8701574870094266
-2.6396243239579555,1.4129710090910592
2.4114993122939534,-1.2193143811343337
1.9970790047067801,1.8709753364752464
1.942356253809459,1.2399190586124922
-1.7046940593516815,-2.1052478719617573
1.3792191924303392,0.1890120114242846
0.8347061937466327,2.1009141134671054
1.075369219564811,2.9316594156583147
-0.8016254824266191,-1.9075015896427026
-2.4851244972997044,0.3505419017136755
1.633982829638879,1.8462477661652272
-0.3886609739062785,2.213466164569118
-1.0593588159410667,-1.0648221317058193
1.938775032228957,1.7763675490186905
0.5468747865589183,1.0147279907615658
-2.6628299067681276,-1.71101286605258
0.8176790125951037,-2.750176406539116
2.490466751734397,-0.9771836315275859
0.679731436720453,-1.1724150045213089
0.7213257906625996,-0.663534368318536
-2.3248353834429767,-0.05091555916557633
-2.014498063729169,2.953173050839876
-1.4193618373209627,-2.2501325186169083
0.2664719107735447,1.047497498251424
2.205851153159207,1.4306353631691078
2.997164993177572,-2.180823279480186
0.99345588820605,-2.380714715996292
-0.0326021196375903,-2.831991362689417
-0.7827976430347583,1.9168221364114713
2.2757880235566663,2.7584486644159547
1.2367323071381975,0.5373930680906813
2.591885307858316,2.373180567288175
-0.4991061431095374,2.693640425121348
1.2007381330998115,2.0860061188753125
0.6753021762960656,2.617460964995778
-2.662582779940901,-2.3479266003265584
-0.04191902600990005,-1.451190486895446
0.7435544862354995,-0.13866089238125
-2.5646933765336977,-0.963753058212526
-1.6720245466960568,-0.5436075374426919
2.170772184872959,1.5552477973141396
-0.31870480315617034,-2.933164635985084
0.4741590974161989,2.266215515567116
0.4987604064140667,1.7320256961277876
-0.24407977969978356,-2.507895354587122
2.3845554922131793,0.2622432362497893
1.8781056898869517,1.3542512776633195
-1.2769330726199786,2.800440794200142
1.3695436695450436,0.889377383056491
-0.012555051416505592,1.089475409234951
0.4912072501592144,2.9540623674795015
-1.2934825837660777,-0.9992345375859175
-2.1037228062967444,0.29987140135774304
-1.7521373734128933,-0.7350800104501749
1.4877451089895466,-1.1623893563011876
-1.1551024986609382,1.875589250411501
1.1782313099017854,-0.9467932359499969
1.8030042479032016,0.7178303917763182
-1.180456220388278,-2.5433247878557026
-1.942458002789498,2.7339418440722376
-1.9677328685114337,0.9543434729383042
2.563698667849194,1.2720492365196163
-1.3547979028514672,-0.3293561347305176
-1.431256568530494,-0.8376672577690778
0.7109377118258737,1.4256533731283199
-2.21665920383398,-0.011869499429715269
0.7260548107008327,2.0650358032749807
0.2989407555759751,-1.874869896311889
0.8193962901763094,0.9701967532165057
-2.7696566786009473,-1.3498100845414904
2.011460860066884,-0.0583946737960952
0.6055247918422544,2.8543386428146436
-0.32597545206765677,-0.9536733919955598
-2.5345092936763858,1.2345756672977064
-1.410758891073507,-0.9641959589141695
1.5069260546864491,-1.6991963796475875
0.4391928893714083,-2.3299263824630536
2.3529120674501076,-1.0710029406432968
-0.05566759327767157,-0.3331595938548739
-1.6826633541064289,-0.1694995694867174
1.7731523488391643,-2.0703227449759876
1.3129968655366957,2.269003899757587
2.3850242139399445,1.4498325349764354
-1.0915458939621163,1.9605961927186017
1.4856178005465894,0.07778670201746785
1.952312540300058,1.1246029500494634
0.9315520094322403,1.1464054709319678
-0.40690665909767576,2.2791774312044115
-0.9200720415733112,2.5853536641253303
1.8683046012584281,0.004738812253768376
-2.7022698977602406,-0.4055132569684581
1.0989778396756185,2.0873956272651295
-2.4372915862241396,-2.0983361255205413
0.4962126236594253,1.4580136991799408
1.6533893273108902,-1.7479556972118753
-1.5727779641615567,0.49304600402417886
2.192371820348912,-0.21730670975788202
1.7041677355993174,-0.15840374486544206
-1.6463505641167735,-0.4256873479347911
-1.951342161398969,-1.4565688844525881
-0.10390530766071127,1.7501408057441319
-1.317827280246296,-1.608550464991385
1.1903041391162876,-2.7441437894720586
-1.2545890753643776,-0.5186733503574024
-1.3015319855579002,-0.4280800355983567
2.6244904550552963,1.2876428835595073
0.34801781213406136,0.5154457873293006
-2.2096702286561922,0.02855695679425896
2.0913169321944522,1.4939089165246537
-0.97819186161527,0.17636799458245767
-1.668056206938417,-2.0156895689939422
-2.2408714714116114,-2.5763306516353524
-2.105656820469006,0.19140256550361734
2.237994922910275,-0.5283117821048515
-1.8929505188785598,-1.5030163435886394
2.9395440213835595,2.5390095923746525
1.9063773994299202,-2.1214395062688673
1.6395503027042349,2.834181695628538
0.059923932468078256,0.7839848102353946
0.4618444389421841,-1.763169394147999
-1.9158295251627002,2.5963810583684612
-0.08443953403622917,-0.5594901529936198
-1.2884010094960847,0.8079339315058922
2.0500369601830837,-2.621533266546709
1.0127043536901192,1.8527075505214707
0.22850536424460355,-2.5310388188748743
-2.735663442209279,0.6719873890492489
2.221973100771171,0.5651592038508406
1.6930886835976278,2.4269630478126265
1.0131507168120297,1.6334062522739634
-0.5349683950079709,0.03886274445442783
-1.452021127617728,-0.3104732194678079
-1.2568947070728262,-0.3943072752953496
2.8000612103011076,-2.640326926165921
2.475372131909497,2.596526122240263
-1.9933573314139366,-0.08929291494892055
1.5075996602592285,1.6295892025349774
-2.0576123185185935,0.6120763678519787
-0.6803807885381721,-2.513374214477632
2.6966922570197287,0.14693139192078242
1.0545456414387582,0.25984958859170293
-0.6593653537599917,-0.7511345872159212
2.9883766010180493,1.1291820575836287
-2.360962792237599,2.4332924615800895
-2.7576200666027635,-1.4185099483986139
1.4353435958774483,-0.18760203740613957
1.4577657457969622,-0.738064102574326
-2.910417070109811,1.0209993946128426
-0.534684855456308,1.3423000791042883
0.9806541454991677,2.0857210728759945
2.2308162677098604,0.21709627163848744
0.13318904120244923,-2.9021633753648777
-2.3804881889564418,1.262043405652303
-1.2097617570140027,1.4503382929591897
0.7730513085007793,1.0106181752294976
-2.5535033770100473,-1.2709266177318999
-0.8194043276518332,2.8790433047994455
-0.12559007872321182,0.816743723426554
2.957100607878214,-0.07633691754321514
1.3482351374860606,-0.8150141861138658
2.5019663537576537,-1.3549831001898267
-0.0635533965459123,0.1773706277699132
-0.844716524035594,0.7718201712543262
2.073498056486491,1.529141587565964
-1.2777996944258045,2.3658607149291324
0.9768077307242686,-0.1767058347521826
-2.6855385010765005,-1.393445500313518
-1.2753475822036746,-0.6231455313006031
-2.4740383712948466,-2.0457951103797836
-2.1066165085314856,2.473968812465121
1.791968951628279,-0.8783583627704923
-0.6949489103227053,2.870784385943832
2.216571564513065,-2.6491302195157242
0.39852921392646223,-1.1941164433889808
1.904643632460214,1.8084158198310156
-1.2303363481975735,-1.6494649650395987
-2.0036300909445997,0.49646589942808017
1.0829513418492374,2.660988560518157
1.691440568100135,-1.5345443247862582
1.9277335639570472,2.321763600063117
-2.9560552692349304,-2.127208117382125
-2.9423468289173664,0.021945851091423663
-1.512996927425912,2.8808661276653105
0.2846571151746784,1.2798761498783886
2.3040326029413363,2.4641260036811232
-1.3988270394156663,-2.105933438478523
2.5162203546008683,-1.7058861115635358
-0.648338394283591,2.8810622842804916
1.2289883372540924,2.992383300983052
-2.4168333995963414,-2.6969099505447174
-1.3961307377727699,-1.0368782564121348
2.445666799194397,-0.38911215246638253
-1.346084657911488,2.6257953360060107
1.4980313640783223,0.18085321875572813
-0.5818593326849011,0.21271737339299968
-0.6332973148486714,1.7059759181197505
2.5405991836930593,1.8840419907218138
-2.693239072393018,0.28700538380913887
0.9672499424366809,2.3164761347109284
-2.332728483681818,0.08603497915743974
1.1242270209946401,1.8566839586490627
1.349192115981186,-1.5709966004659885
1.6344343383454492,-0.7731663967149132
2.43540544095754,-2.2416080018854663
-2.810087613686333,-0.2323416579828277
1.134640355275974,-1.7412809480770388
1.9770340471451293,1.9781373485555296
1.1147619609281936,0.45553072324314536
1.9248903040905683,-0.6803907571288788
1.2010141195845634,0.3315780538517208
0.38825510615094583,1.4906197083676673
2.273563934366832,-2.530220681520582
1.2971451924448711,0.8395388409329057
-1.3415539819051134,-2.5313018757261614
2.616205135194665,1.6793610699550108
2.3219201674370984,-1.97535043723354
-1.0319264554500949,2.9114773835816834
-1.4289283311195675,-0.04070622872068519
1.3883442755948998,-0.9772592062231271
1.2258281648204825,1.5889611283313858
-0.999570502924918,-1.1171591714377538
1.8160660891029092,-1.8949064161549118
1.9423943625843814,2.7467822977335032
-1.7584892622951322,1.6296998588185216
-0.9243178185261751,-2.0847787271176546
0.14371850131833552,-0.3628163075491524
1.3735294519112236,-2.0853510305310703
-2.2792862765151023,-1.0244659092602766
0.817060447187484,-0.3595044271519048
-1.2392966505424448,-2.9819926988271717
1.9891454768961196,2.2764905071931274
-1.8784422654643107,-0.515343957351909
-2.2960376492425008,0.2692062294210178
-1.4084065944820219,0.7734858667990245
2.4336184131240994,0.2658040178754977
0.5954033510068863,1.7077057120300054
0.34736374833516326,-2.989094045785449
0.11760507532116105,-2.741260207842875
0.5461188923718407,2.2925858574116775
0.9985445354636435,-0.847117863864074
-2.663387377294394,1.3590265969198736
2.4864534767830966,-1.560700615036491
-1.7679078410640958,-1.3441695332371006
-1.4214981330470557,-0.9615953185225559
-0.39897610008602946,2.701301243585557
-1.302897599228744,-0.8141499558653247
0.6797863412689464,-0.6830684913691059
2.769027173564896,-0.2068916838859658
-2.3786959466522504,-2.8650569922509916
2.6091249889260606,1.3931318138784254
-0.38682614055966447,-0.32819445689001636
-0.19216358942994383,1.8452276785293487
-0.8480688664924791,-2.675841408597041
-2.9954974082513868,-0.7077468072614574
2.1933468198570862,-2.863939311286122
1.3804217388677307,1.0207127118910266
1.4385756172818773,0.28843546551877797
2.584248511107079,-2.3799015289059495
-0.3698517865174811,0.4945557920710808
-1.3039125089771624,-1.1887942155016793
-1.448269484935537,1.079044592823342
2.4870731839282936,1.5020368775967698
-0.14449604445707198,-1.2481441045455182
-2.5343752271578417,2.705722355673413
1.5864335467826685,-1.7646562314609004
2.3952177184519714,2.2651966130138694
-0.8938808244477823,0.6954615302504354
-1.280071924661038,1.1492008176261646
0.21571963558567386,-2.864683535905865
-0.03845089078300923,1.9642263856035669
-0.8076226752865301,-1.2033834092428353
2.894160128211615,2.463708453244843
-2.8264167491117487,2.962096577406518
-2.906016285727677,0.9832084755850041
0.23306242484919082,0.24669619284044675
-2.690746045324355,2.805459042085369
0.7580531772419352,2.08392836934018
0.3311060936181862,1.1088904617960882
-2.4576446630432685,-1.2415827076379928
2.287782564865843,-1.7283788435073983
0.42946535037283917,0.7697475381635388
-0.702832071588805,2.933150393080325
2.7010306410328537,-1.2905613791856199
-2.1634347478539286,-2.505068066679341
2.039385085117548,-0.8551663323044139
-0.023770834673198404,0.3820425130185878
2.3258425303508385,-1.8385407399812013
0.03720556554180199,-1.8587806798785105
1.902390237526622,-0.1933818112601955
-0.9664159550326588,-2.6819514913545652
-2.329605497413646,0.13180109929913364
-2.9027168742390694,-0.3819585865756121
0.12680537143879844,-0.8204345170204563
0.6879251530666304,1.6552429769286423
2.6665048726481038,1.5106411667393864
1.9491000736565969,1.6660736256927429
0.5314827670850919,0.9753007154939359
0.9849752930316393,-0.05300000702236929
-1.9435037546554963,-0.5480688908313618
2.063824440904231,2.6835159519109775
-1.0014949842856284,1.9579795064696954
1.1610866613473343,-1.0831837657812367
-0.1381347904700405,-2.2667658907610866
0.5876679205759094,2.460956793998971
1.151509557115058,1.5570305744448119
-2.774167527642663,1.7716022230162114
-0.6298894587561468,-1.9074840954637104
0.48113450455686024,2.7772046587393824
-0.6947180649985372,-0.9476028530892244
2.9863526724015337,-2.135519033874447
-0.6624885685836137,0.2155164855526932
1.6779227630223854,-1.3275111444675325
0.2637851031157781,1.8301978672781463
2.998971506414917,0.18775784027257147
-2.2573905741562643,-2.202005699383764
-1.818268667108345,-2.688974580865847
0.9213093196989357,1.4311121822650712
-2.8798433076441867,0.3557923716547493
-2.596042375956654,2.5868554663469396
-1.9823871280942735,-1.9328285387653439
2.86517047467109,-1.6293505115015519
-2.478083028439344,-0.8452569728418204
-2.654517680976599,-2.2365314285953084
2.5680519277165192,2.8220212469003156
-1.1840429655031621,0.8560970862252146
-0.6922045839655677,-2.6235307478727092
1.908362988639305,-2.000801128871479
2.130096470662835,-1.7684153998853274
-1.0160764177923287,2.8938953725270258
-1.4313008922925041,-2.66760219985516
-2.4158585936283603,2.093270499554005
2.517130987473905,-1.4378628469262873
-1.205264715231259,2.362377800422501
0.9412051478643395,-2.6564576225706125
-2.7952228568356694,-1.0256276036373109
1.1121641511888782,2.7585126307385543
-2.566803105550956,-1.0787992642801447
-2.7958994289796593,1.3471215691913834
-1.0965991109916735,-2.8837691954422935
2.490180557504333,-1.198601544980123
2.6533793520140954,1.6592409905904129
2.9296002957953915,0.058987190272237644
-0.7806229933673574,-0.46405493039847645
-0.10953213210598456,-0.7665270237963417
-1.5720827299732154,-1.9639637696584054
-2.0558981163494714,2.896915147210845
2.266934588335495,-2.7367535658409192
-0.059200584864415706,-2.841696662605223
-1.7789076805361304,1.3102794091239494
-1.105032174157501,-2.3852815678845927
-0.9959624051837999,2.1758858269105854
0.3161781382100908,-0.41242401126682626
-1.152432227903365,2.1163964040047265
-1.8893824413158644,-2.1850197934004223
2.4161349281529763,-0.0727709579705147
0.823645635949191,-1.2913657283360935
-1.352280470484724,1.8266694878836702
-1.750613625761628,0.17867903138724683
0.1951149245665489,0.007367362775508202
0.7345526662832715,2.9327539545311314
-1.390260443303064,-1.542385376911506
1.0502376679574343,0.9916167562007696
-0.821553299061299,1.8589059391251332
-2.589211069364029,-1.7933062723654913
-0.40395249704088076,-0.6506987782135631
2.8702454262998645,-0.25489890231344825
2.5850833199570005,-2.015232154855547
-2.288349676037998,-2.538799524399649
1.587600211805709,-2.228913219352614
-0.08882708781742465,-0.13378247137238786
2.086641698279248,2.313479160454211
1.1121200774528521,-1.1470719754218808
-1.785153208974866,2.958579813461384
-1.8991450895849111,0.40514004672121207
-1.1191834817579118,2.404323214217107
-1.2014943345738673,-0.32609877106248497
-0.4576132642665627,-0.8485243856727829
-0.01197825564230559,2.5076102990028204
-1.6713692911666043,-2.419201593696628
-2.720063614324699,-0.5426378089909445
0.13955463002563828,-0.5071079330697672
-1.922826845873401,0.8033143945759322
-1.706535091960414,2.0811518713979744
-2.539873783882047,-2.1733035285519913
2.11687489152349,-1.4934345715279005
1.9932498741996802,-2.981725040645517
2.8358281538969807,1.0765951085410226
-2.7655848774262806,0.9557494783643206
2.518385791429508,-1.5199152612314377
1.8115779198746704,-1.4603618659442825
1.1138543172189381,-0.29430879029895873
0.5839944971102202,1.3671843507210424
2.4529788549418488,-2.6340374090696104
-0.9023439625792458,-2.8746306672271835
-0.34201606541683516,2.004051041654341
-2.767356357403335,-0.24337803387530332
2.6146501840895446,-1.3189499297069156
1.0589089202185846,0.3829556597043471
1.4213242237066117,-1.2996048599631274
-0.5881120302418488,-2.3955062319837035
-0.33499595789176695,-2.659201646824946
0.2465960828909175,1.1491020613790877
-0.9381530637249105,1.2640165417808156
2.83688148189664,-1.1565721555621984
-1.4114335965641984,0.6915718459354556
0.36392935186320496,0.7700581202644106
-0.6814315926276495,-1.7994121761568058
1.3416754367303767,1.8622533498660863
0.4309560401213006,0.45967575373775116
0.9280335789204059,2.140946118349212
-2.6877434519746775,2.529016799511978
-2.2533705062734626,-0.8872929856885348
2.4464593739068166,1.1238853641057132
-2.757946861636399,-2.9790871891229758
1.221121937739694,-1.9075948881091898
0.4440047501210609,1.614226121949831
1.7320051528565967,2.9585605037125964
-1.9413404567977186,0.8211470928554934
2.162562094652105,1.4541271259289807
0.14373859321966176,-2.5821342382190693
0.6408254411590955,1.830906766461256
-0.18176465664532637,-1.697626602611855
1.28239049627508,2.2007268113599174
-0.38033989238545285,1.350755417411512
-1.5658864362203966,1.2353033266215077
-2.3174056829837215,1.5076455514744334
-1.4406683311115296,-2.7575786310038914
-2.084764957071229,0.9108208810557166
2.351932373024739,0.44858332402259915
2.1244775138621668,-1.0471428214494956
0.8901357962635075,2.6943505576403
-1.8241854065386016,2.4589119606768657
1.7713316158432457,-0.9612407240329892
2.817148100867163,-0.7568536272734381
-1.2046132196726491,-2.2734886744328726
1.196052520454245,2.2484726195657903
2.5352988054596253,-0.5987297635264746
1.29392756298384,-0.6185935263338811
-1.2614532671494356,1.6512335140530938
1.3669307762152254,-2.7017059975372
-0.20791243608404297,-1.671514831722298
-2.6816182884879005,-1.6210293802638152
-2.740021543758174,-1.5087958906462138
-2.3407336762125985,-1.37521005728976
1.5951609224187768,-2.273060262411386
0.22055262039973655,1.0373720444721872
-0.1808981371122469,2.08069226903598
-0.36181479442549147,-2.9346026775514984
0.5991651746331437,-2.0983574353503567
-2.141875304895425,-2.0898801332636596
-1.6383892941373304,2.2092332720706436
2.117702366845304,-1.343148429843367
-1.4201379144883317,-0.8420280835391463
2.3181100852769623,-0.3929582389787871
0.5949441767007624,-0.28412788571308845
1.000180660082699,-0.272614898434016
1.9221565190524181,0.1719413159388843
-2.760832284363477,1.4796568786094433
0.10255076101969296,0.1341136296640082
-1.740365767691549,2.6983645838865122
-1.365241231437212,-1.6326399819845505
-2.9988831909697913,-0.26620308803243997
1.0789537596678622,1.322222797450534
-2.819748146741866,-1.3608747546766875
-2.0816322457332648,2.4382081202466592
1.9253607302758473,-2.0859791524168783
1.6858953409527677,-0.4437684511256377
-2.492957546959051,2.0062141889553047
2.3161329851698174,0.91773324717497
-0.4875155978294363,1.7463613841172059
-0.49934183931376275,0.9110562155308366
-1.303900665713364,0.27994472907735446
-1.8833559569906162,1.3994085248056276
-0.4758705861014869,0.2779907453757504
1.301947789971968,-1.7708944578566226
-0.5737926932007529,-1.403807985691624
2.537218601352942,-2.476742963455358
2.484289157846245,2.0900774052801534
-0.9985993232111783,0.6055232571332256
-1.5037338239538973,0.599976746588359
0.6418873086076067,0.517040242640086
0.32782993088089896,-1.5184011142486686
-1.4756908006691323,1.3717730286939265
-0.03779987876390667,-2.113015019552668
-2.8961367760254717,2.8354771758207544
-2.238077530113756,2.441972305478191
-0.7462324450211755,-0.0669029195428581
0.5915065277181553,0.6763747952906045
-2.7185004579133514,1.361153165079342
0.4568715751637815,0.38715592717876834
0.6360616008054274,2.9238400693469977
1.2864851693613826,0.7363760015352829
2.2692442368847656,-1.692259797495055
-1.3259022943275984,-2.1024563780885375
0.36204956043684655,2.2363691212815153
-0.3520215039852985,0.7089181480123061
2.8638009187754463,0.30645310192043684
1.5683996802356113,-0.15600793825754877
-2.388700798721758,2.9351430470316995
0.14799542014791012,1.5512389321991407
2.5557494775473035,-1.149256198342327
-0.6501074621337928,1.5071956295969935
-1.7399056334082288,-1.9918805273515214
1.6751855026767917,-1.7518193627378307
2.6792395539566343,-2.047815335636087
-0.3099919806525837,-0.7865145395870012
-2.3385625457541384,0.06179179401594137
1.2623503059056151,-2.7909401870367594
0.5766767465797615,-2.6026858014794936
0.07073483391274937,-2.5230598508848194
2.5203802378449254,-2.647796286372719
-1.181327374553631,1.3456257103219658
-1.1304738047784069,2.111429787483644
-2.1571112485735293,1.7748940216890334
-0.5189891650762353,-0.8247150001305021
1.4171572157205254,-2.368336122346907
-0.3327366543289889,-1.0464584820657648
-0.7191413392281967,2.451834413676621
-0.6843489508205209,0.8579081446879115
1.8269190956728352,2.5352781291218713
0.4128047116284219,-1.2589365151055452
-0.6127668506297486,-2.897561340941614
-0.3664801436003229,-1.8845714551416346
-2.366019780259776,2.730448362902248
1.1778595927965405,0.5741508177785253
1.4316262558397845,0.8584929192764248
-2.3923144642860823,0.3674338033418767
-0.6509953366593715,1.7539563547906427
1.3546731783976593,-1.3447346691146356
0.936344852872689,-0.01776359136289818
0.30263484115359063,-0.6967107536803425
0.24131943358427144,0.7391379851859181
-0.07523976034958135,-0.6522548654011269
2.0253804244117424,-0.8395321109072507
1.652374401547526,0.7893127198384047
0.028187990873187907,1.7999242353946459
-2.3315883365420516,2.6126213499349893
-1.423987861275792,-2.9684827824766304
-0.9007135658464449,1.5568802943664704
0.21586961151951378,1.7855127508193496
-0.7097676393980503,-1.653190461660642
0.5697374871039336,-0.6760639908585109
-1.7483048747706131,0.30114467410299195
0.12540899248352533,0.6344803297327299
-2.5420798359806387,2.9473430700864354
-2.5507247659069967,2.5999851117257213
1.8272219722389593,-2.246042147672479
2.937182724300019,-0.8837041279322504
1.9867827648195364,-2.282114152243623
2.863935673296636,-1.841914272360246
-2.491902926241883,-0.25843675169969593
-2.2728332487048695,2.3751558153917838
-0.6945960802357174,2.171074690892561
1.3038757140040538,-1.3442001292005168
0.9435600058828584,-0.38892106771387347
-1.7266479560945784,-2.135198335495863
0.7835214539425528,0.26236749747092825
1.3473707897844847,-0.9632999375475375
-0.8678052501283329,2.1169027889371126
-0.748190165443261,-0.8250515998549615
-2.3698883604785124,2.5836532294683465
0.059477660939569965,0.9934617838407771
2.099613474643987,2.2601989426892484
1.4644445730027469,-2.5512151618236025
-1.0386451413833035,-2.85834468099277
-0.8370632649708822,2.4178904223250974
-2.5374278050370744,-1.1240200722894227
0.21218155614817213,1.7105925967590103
1.7779224994107992,0.8914529978527161
-1.9634500606300336,2.6662475792420137
0.5620877582819839,-0.21894332041207942
-1.5764834354454655,-0.9780884128249068
1.680643858567791,1.101722446522695
-0.9493110680978023,0.9710439797975017
0.1539197543648525,1.7024286216721247
-0.899511249830145,2.5539906613321826
1.9855440149845371,1.6738197117489486
0.16748672182542013,-1.737088013779228
-0.2503084000532665,-2.640905794084418
2.932152933536292,0.5053376315590392
-2.8264011200744195,2.898643072380846
1.2539351704894326,1.8209912158789354
2.055532011573872,2.982911143845672
2.8569750823289795,-2.4053316628916113
-1.1710156436613806,2.794122431013271
-1.3132319484152093,0.8566954557529964
-0.8920226730017413,-0.32934039024986017
-1.3218981975763506,-0.049182853825468165
2.784251982989118,1.9474072632337789
1.0051456377771224,-2.4320097724729957
1.0136112751638704,-0.34989055295174687
0.7961989147493642,-1.0754062849747714
1.7532904954526938,-1.3449945637871226
1.661990903941021,1.6094491987970345
2.5635902103378783,-0.5618974202684885
-1.7423768167102593,-0.8471310402295176
-2.32020049866591,-0.11319170576921778
-0.38346343561128027,-2.2368797977201544
0.8172611089604453,1.8473969900327232
0.5512568336153754,-0.81676481981185
0.01983555291004624,0.9248375107073237
2.0329015013762666,2.484437112260877
-2.061508125721489,0.2589967816736034
-1.9131109820005807,-1.8703897331392036
1.5463987623515347,1.1196958371201085
2.030535512892415,0.939630172100717
-0.28942257512576886,2.1175982810805536
-0.18814635861710238,1.5034114755435475
1.7618508188205633,-2.0602907450266077
0.19412587373312018,-2.0156984066957895
2.8082475704200647,-0.7928395687848533
-1.3090747191930878,2.016164306773889
2.788008539686632,-1.8402528281682964
-0.2617079320851139,0.5803209017407767
1.4541398894201727,2.931743345425728
0.06471931337299308,2.9581061632089405
-1.6226569395811412,-0.9525311500624705
0.1927153329278939,-1.2753421511233705
2.0698071153558084,0.5353702219113021
-0.38438423706788427,0.522298577693812
0.9294780234952258,-0.1655158030343089
-2.7752193444857784,0.6913776999414196
-1.8703040710134182,2.7716822610514535
2.590492511423882,-0.1400034944149784
-2.6551609146459607,-2.386424942971272
-0.4186217999919313,0.9792488341467185
-0.401859321203212,-2.3794715336973233
-2.1307187278527304,-0.7774143662199826
-2.837018441174817,-0.4290258841363963
0.9629918159466855,-1.709481359482432
-1.7596789041628789,-0.7546933924257049
-1.0721293855938907,1.4049017854583203
2.3125941303929896,-1.5476021647780123
-1.2279803248446237,-1.3352934973858603
1.8857873728086538,-0.020705675685463998
-0.2219205276569154,-0.7189849388940956
-1.4500411683828762,-0.8901171454031394
2.878772549752057,-0.5425601989538813
-1.2244995831040313,0.5604374121055478
-0.04335985050473834,-0.8955275052454956
-2.5486852699567946,0.137019459554085
-0.9702132734270625,1.483790888301332
0.35332839653568016,2.0038093644316435
-1.8438938587073683,0.6922985698718325
-2.5472357740999363,0.7995332293945565
2.4800227967221726,2.9955290329649245
-0.3449537365951265,0.4007075050927611
2.974536083022495,-1.092263478144194
1.0374205194929917,-0.30180776057624925
1.1413996113486409,-2.220472382761254
2.838440107838248,1.2713994103214947
-1.3071120733299044,-2.250553925260876
-1.4510430985525242,-1.3119785662701184
-0.7315705848175158,-1.778925390765454
-1.9610795554453253,1.214017889723265
1.7471452931137597,-2.801985287559943
-2.429471582316388,1.6067023889301648
-0.24274921942708927,-2.8792043795620046
1.4696683509594628,-1.234065859014825
0.3684026389726305,1.7990582997859121
2.205068502343188,1.5010052704214845
2.245588012963868,-1.1345446387158413
0.16713028366050775,-1.7445729706920046
0.8151493196032162,2.0287757220855447
-1.9200285884349477,-2.6889866258956525
-1.970301331666909,2.7784464207952526
-1.178354138009828,-0.8080809821210799
1.0298350755124073,-0.715125532506391
2.343731378212494,-1.0157514373584073
-1.8732661608985726,1.764423170584827
-2.087927531572647,-0.1601025442939692
0.12138552898753696,-1.72624734617624
-2.571272032283664,-2.765572845922323
-0.0179334926421566,-2.4140968334307003
2.0029418275038324,-2.318502555541089
-0.1102928202689144,-2.2210570005345835
2.87015725411651,-2.848364621310307
-1.0964263621892274,-2.3072620458446567
2.984212453671139,0.4477632907480511
-0.541217613860546,1.0795576314582265
1.2012805406906786,-0.17659444212756759
-0.3647834016417173,2.104534329098499
0.3140970931889857,-0.5207561378100292
2.3332391038477205,-2.8611663381425414
1.1750146350033228,-2.861285794090502
-0.3881470457588101,2.127480184916015
0.5606382070336879,-2.990665869860138
-0.559929501286045,0.8661343557264036
-0.7750483234804837,0.9541563660042449
1.840354312457615,-2.4464886095280693
-0.20464175244326377,2.788345055963447
2.7687908358569313,-0.014591649020415431
0.17677389974031854,-2.7221204345126067
-1.7295062746020313,-1.8510466226944444
-0.37918109507378883,0.4377613668276199
-2.3565177589602966,-2.7616005523934506
2.2935302606209085,-1.9960991074066914
2.5829847775403607,0.9516751511725969
-1.0240213239684322,-1.2052118125805096
0.09665534988209679,1.0205235953529375
-2.987289363592846,0.4042461434170055
0.5108737593703907,-2.0163202638281112
-2.1662384277428535,1.8485804896081648
1.2917641015642598,1.9030644975078737
0.1602062698179605,-2.5300390125408434
1.6151249159841372,-2.7033273247173035
0.5070635102270558,-1.1611389858619034
-2.8452375396883323,-2.322087241409432
-2.3096071522752855,1.9889668351472025
-2.5018268664542473,2.0180664867289098
-1.8816955519942182,1.8905819468047778
0.9380681204255632,1.664785907070752
-1.592296772893543,-2.541107370225853
-2.7659048039233864,2.9584229527588377
-0.7959162313469363,0.9981316237478364
1.7028237607461936,-1.380815101003287
-2.8945924874944042,-1.8883936685632616
-2.8454374894829515,2.2413476262363368
-0.9185835438693712,-1.9956548487502743
0.11467406236276112,-1.6419047572647865
2.42995653476393,0.7192373738450897
2.834999011376496,-2.1523007160372862
1.4900732747013699,1.5170547964599255
2.19961879522935,-2.5944954133522877
1.692679829998716,-0.6644259016291612
1.5865112385169864,-2.9254475639569706
-0.9301941416513833,1.3068896584855612
2.288587256791021,-2.0050907688227566
0.25369825543353475,2.799556126571291
0.6845969208038936,1.5862573302058127
-0.039420055031255785,-1.562318357788146
-1.6940169364721713,2.7277727623925703
-2.4271168481568584,1.5782837771020573
-2.9034522677434613,2.4857323511543132
-1.3659386893840453,0.7484002406489267
-2.143574906378507,2.9784230197388037
-2.099370739367852,1.2044066739487178
-2.9104195549593763,-1.732458998831432
0.16810379358440652,0.42616438690559955
-1.1859197127203507,1.1033482026070747
2.3430096151545587,1.7212184966065571
2.0062419336643487,1.9777408209156562
2.2209146059748583,1.0463140378638371
-1.5287353865906153,-1.2966059478720287
-1.7407265830773109,0.1741123706880643
0.2763813972117237,-1.0806494196798653
-1.248221154343582,-1.1059377511287851
-2.59089053162702,-0.5596588522277375
2.2162831269191505,2.171325335245257
2.493717737127481,-2.3394467120527946
0.9151003420218107,1.302561000539952
-2.959340635309281,2.5108363804424707
-2.3716583355214755,2.3043396126786764
1.6668723361616333,0.025359798838727965
1.1076912929504745,0.22532553253742815
-2.5618828510146705,-1.091076629230203
1.0665270892974066,2.237224909544816
0.1794184329816595,1.3760004678266515
-2.403864163947464,-2.1723281985858165
-1.2786694793760016,-0.5030339393144208
-1.3745457210692291,-1.3093239809086965
2.9607854420826083,-1.5977752185775278
2.0160635086034677,-1.8892665405714066
2.2461361612062163,-2.9867540263500754
2.260789314621835,-0.37036815602303275
2.3795729216855666,0.7257742158538205
1.8640906911540487,-1.5829380014228913
-2.889849401964731,-0.5678524793908473
-2.2003269071551235,0.7939356819878265
-2.497422581071409,-2.962621831243994
2.7087616114830286,-1.5468445608964403
0.9230072709867025,2.9173427023600746
-1.1582045322643282,2.5021764895155254
0.01863620132783428,-2.923273327863286
1.111488769001232,-1.7682270059721783
0.8778282342063699,-0.6149622005940438
-0.019697150882444614,-2.586894775233572
2.835104057633714,1.1226125644401517
2.3315690697643916,1.7378929559991017
-2.0777480764855154,-2.7863582032133154
2.081708807055084,-0.4897246781054134
-0.44593764386248846,-1.5496825590317636
-1.959812486797137,0.9870101996431737
-2.6296570742633234,2.4593454390736387
0.8317226341792598,-1.4364224996635566
-1.1376113053247923,2.978823856931619
0.283276464216625,-0.46592354538077974
-0.34199518746249247,-1.9914061300858654
-0.5738403963560659,2.8081812323485646
2.5929641540495165,1.146301033025794
-2.9650287208435153,-2.3193431593231137
0.6671730285924458,-1.4199328960837898
-1.7911932271862134,0.15053540280112454
0.39804007898890115,2.0906242800024186
0.3207138937857006,0.48654410268086856
-2.2479590148072788,1.839313804550505
2.791466889133461,-2.228867503198501
-2.2731513918912682,1.9931090204997997
-2.4181485647307266,-2.6561796545190113
2.420043754774574,0.7102194125649657
2.438733571394997,-2.81319947971247
-2.5193047939640882,2.430367324165468
-2.235828505344654,1.9015535950491804
0.7801909897385606,2.6504352376969402
1.1877425244671649,-1.3294872744741517
-1.0776736738318318,0.029421470950843798
-0.025775102563382113,2.137646435796473
2.888805006643249,0.42240579536486766
-1.608934982003482,0.3916553398880622
-2.319901306429384,-1.7922471478269864
1.0003191312220752,-0.21780678800306497
-1.2464484602106762,-2.056283736154048
-2.9394315511799247,-0.5347296746893742
1.691169755059449,1.9279638498815395
-2.7506640705467236,0.4208612252529287
-0.47193841607019626,2.333313015482447
-1.3074406925202253,0.7282967511883598
-0.7233804755698996,-0.38990491895590296
-2.816263632943266,2.5774809247816055
-1.5968415948290824,1.848877279152477
-1.4850853476631665,-0.5668748844491747
1.7566431418002821,2.988193241673266
0.8165364002262345,-2.2215485531898604
0.35172162332024115,-2.1164150086014217
0.20858829135873247,-1.8596452586964762
-0.4280657088443398,2.8505949274275793
1.9678716742205058,-2.959534910806682
-2.835651044433273,-2.272876429896994
-2.115387546311603,-0.3944070704330409
-2.7576374860034605,0.7633384192084112
2.9148434078951686,-1.291498248586734
1.1075031130913553,-2.043237000621267
1.2253024472259089,-0.3859272194237877
0.41589273348063394,-0.9959318137565178
-1.6143111663795577,-2.3735905819351233
0.8960404566749265,-1.1359965808909056
-2.5467903554981373,1.8229049226895073
0.9815047081357497,-1.028219796645475
1.8109217522159158,-1.0132265986988984
-1.308904669544381,-0.7738004367535161
-1.8297948430627538,-2.3563615725930704
2.0710130708988386,2.02274439145115
-2.328622235676887,-1.6156321497725434
1.9338460252571332,-2.5455993641781776
2.9345966066646936,-1.0163314974789983
-2.7103756197407654,0.7093586931831921
2.0991205778105586,-1.1688738189966552
1.6259524351700687,-0.015399131367904495
2.701208938036131,-2.125651400265258
2.740854308556135,-2.678868170402741
0.7884510142773715,0.6660807876661119
0.41587000242861816,-0.2015748163502642
-2.5825403075061297,-0.5587318171389546
-0.025982858451046198,0.8891563415205948
0.5412917135492883,-0.13267258512665148
-1.1623079233303923,-2.0671274237393655
-2.3696255572738645,-2.8814838808595167
-0.14796877438029998,-0.899728132862641
0.33058722147993214,1.2292339897142863
2.331668212726023,1.1122278487019654
-2.1839301038955163,1.1668315554592814
-2.2326127857544833,-2.2222655835664575
0.32891107807615017,0.3432819753085239
0.8872953554855032,-0.3191918058135892
2.1229024463778616,1.824512448534609
0.3204887591747201,0.2155433832214695
-0.06967198061531299,-1.5296111811420836
0.354061490294173,-0.33079273091905215
-0.4746143456935874,2.635160159576328
0.3531942987144374,-2.5479441034360573
0.19400666001381506,-1.0110636457399562
-1.9402746038494336,-1.4677067183501924
-1.6627264545510425,-1.900607467768133
-2.6438565182671994,0.8834584679841262
-2.7494383244505847,-2.328402739097696
2.653794256494388,-2.112371315414583
1.8107481993303471,-1.3457640312855834
1.4456741641415727,1.2466868757233955
1.5304338653841612,-0.6615961546601286
0.6017897867814721,0.10999327797758873
1.3000648688329735,-2.779763432995264
2.663437191029308,-2.494338272331727
-2.854757306668478,-0.39197907353663997
1.2519353738325298,2.9486670270477227
2.4583979439263413,0.19224692105806618
-0.44155715046362287,2.56005891376614
-1.973047987696405,1.743381947719783
-1.6876547189231832,1.4757494512163714
2.0425950551849237,-1.6030086721240095
0.9672745839265922,2.105654853862446
-1.4054853618788872,2.3759144830197307
1.8140542658867211,-2.4938966451293716
-0.3906708969097026,-0.7777685690866423
-1.3441545780699786,2.7292257376370177
2.7492983875107084,1.3401216104595832
-1.6087519675421083,2.212220310559176
2.2126617198144114,0.9658622677403317
1.5456424556498982,-1.72286876340279
1.6393553519128723,1.3654587912943787
1.9892981838188888,1.3685394122031393
2.534265033376511,-0.08990456123345503
0.3884348368480204,2.7188627976947073
0.2923150822927698,-0.8711998948900908
1.634413719471988,1.9440148643068742
2.515526526575231,0.8109654958775208
0.660177024649804,-1.2028668267956586
0.06649318696562467,0.799229159382651
1.3790928790830623,1.9971927087226575
1.8665625548111855,1.2538859071581943
2.262283228627016,2.533602165555277
-1.063656174243066,-0.7495185951654486
-0.1764380486682846,1.7370865650848692
-2.922807841119674,-0.2264585162097177
2.7631797087783845,1.2261402186575738
-2.6932233055368555,2.129794780612822
1.1490325432254487,-0.43986480704319586
0.4648457902095524,1.635386172527527
-2.6964507864110123,2.7129436829566522
2.392932532195844,-0.21892835973068436
1.5690258773220815,-0.09080781105466684
2.870849468408551,-2.934881135670522
-1.035973539552672,-1.5871378672307195
-1.5661794889740623,2.268376430434964
2.372993988464467,-0.0825684066559651
-0.04719973853391002,2.2089903998285623
0.09468377567731068,-2.787157888877906
-1.1859273520150708,-1.3630865883442478
-2.566205306841038,2.304711333663411
-2.0295794002481373,1.3086993717129394
-1.0598557191866012,2.7289443565235825
-2.1508191403249137,-2.6645860502501435
1.893254422479087,0.6021587758833569
-1.870896987842547,-0.6263801300027918
-2.785351674294117,1.119180308538053
2.3739887140143994,0.2640780727238381
0.30337882755220225,-0.17654065024404986
-2.4402351626082543,-1.6406292833626845
-1.3162951602204378,-1.5316351372847024
-0.037115981752853244,2.347248035293818
2.65496712897293,1.5538930127868031
2.3044109553803924,0.564404375660096
-1.1417964336670858,1.0607981845311958
-2.8874481225546313,-1.8540019808965398
-0.6474606484575967,-0.29981788359500916
0.6957600822677961,0.5206890007504588
0.5797499774602874,2.168199110818647
-1.3732002967257286,0.19235039870045245
-1.9870734261978142,-1.9078139159694931
0.9412080333066988,0.37393522178213034
1.2919680806385578,-2.8398140449511127
0.7319113941368824,1.0800671150406975
-0.10418319674331755,-2.068570062264717
0.6595530733928152,-1.3814093437332495
0.29723304956169594,1.6566292027862035
0.2396260281638618,-1.7329322427808656
2.06418869158463,2.3514497276428514
0.7773720296294613,-1.3578421853948477
0.2496745242474221,2.3895090841982
1.2115896242890143,1.65945227704439
-1.3636655167120346,0.15161906700207606
2.934222513619263,-2.229075999386165
1.5571283342008675,-0.9613236944706403
-0.13777928389515326,-0.6158068761881719
1.9758188816525175,2.3385892307234597
2.4120352670863436,-2.600854797186158
2.8567316713803477,0.9882304281251919
1.6921967969235299,-2.308139457237747
-0.038972139258439675,1.7053743671595303
0.5738670545520472,-1.8197581675624415
-1.4976115367193434,0.2668477937899829
1.9781106354044926,2.194765805311956
-0.7271067050338829,2.7643261520506046
-1.0976463424401024,1.3855702327879875
1.2874721542939032,1.7817748022858293
1.2635286818193565,2.5381575814547306
0.015289742731416034,2.0838795672475054
-1.2132486786758558,-1.8946098797177224
-0.27728367836352064,-0.2043175129347281
0.727326900323523,0.08545140455807543
-0.37783829311130646,1.914083514765947
1.282738987069103,-1.3757880612129334
-1.1317809724127375,-2.779933513785255
0.9460636190398182,-2.44670162796477
-2.107770129788037,-0.7247006860658898
-2.320841133562677,-0.7529842460795084
0.21046530531182217,-2.528915145662488
2.24947570728143,2.805050577063648
1.3428925010859167,1.0132884503317419
-2.7085005859089675,-0.6001477263019424
1.2838484129111247,-0.0026325579496280227
-2.636995584790493,-0.1798875829808786
-1.1114377170151746,0.9863172400625095
2.9047917904920606,1.6555204594272688
-1.048217095840435,-2.8716931495465667
-1.28046756311365,-2.1388563965495955
-1.322259347953306,-0.07054756339123802
-1.7495788071647425,-0.6816887531259188
-1.9708994265989188,1.4768382131058084
0.6841578010027591,2.2341158403502037
1.513303298219002,0.49716219547797547
1.3952681209664348,2.869887473749319
1.6930637429634237,1.9682994725926104
2.768921019879329,-1.1277670991056141
0.9745429752971226,-2.7248954204031985
-1.8887295615747959,0.9076604889638462
-1.8869513855120708,-1.435109994524653
1.9538972949915685,-0.9585434609530576
-1.9063001066972742,-0.7368350448805416
-0.5470872950551264,1.1529749268340517
-1.8262520591964697,-0.9181229635678072
2.9575531806657462,-0.17015339992651768
0.44307093145534315,0.9347653220202208
1.2461612499158914,-0.5088365838077351
-1.9895256797932472,0.226865888395551
-1.8086722058977243,-2.2452462736783203
1.2764708585405646,-1.7201015560919257
0.20770659026968818,-0.3694158955322724
0.2884513941534097,-1.7698244388003557
-2.8728713493690456,-0.42931662642151736
-0.018295072570103876,-0.7263420252030008
-2.9888210620971836,0.8298959665699939
2.7369921816450375,-2.4236576974439688
-0.014391527547870542,-2.5786042419281614
-2.6343206614596193,-0.8098295412649263
0.5250087633128628,0.5336338372054579
-0.7028984324289871,2.1448445518277275
-0.08684177317577735,0.1299962520827993
0.2584234774926326,-1.7448639937307142
1.304201411978771,-1.1571550165023583
1.5161912457131885,0.3693261516018209
1.439341299986335,-2.5783031525565248
1.1818303716737786,-2.5495332745871546
-2.210329007966152,0.6085434560424963
2.03564346633085,2.4354619320153787
-0.6454444208013528,-2.442886437184111
2.7498902486084322,1.7930028715222281
1.496270515063899,1.7932729907939011
-1.49417071051254,1.3176785250202325
2.52073336567688,-1.3576109112707972
-0.5762399556192168,-1.1334360728063364
2.1901852477537025,-2.584074718328978
0.5443043604607198,2.4357144266512183
-0.4345480796336658,1.5457685404232562
2.0103234463592203,-2.595884115879537
-1.4020806710594707,-2.7294392850672873
2.5938247494282987,-2.4416167365342103
-1.0314222624420408,-2.441361518958953
-0.4889485127110813,-0.9626558340950786
0.3524523494993179,-2.768069188646872
0.7036183083538861,0.7659426823526019
1.5269447501654962,-1.547143633143996
2.530517479849731,-2.5617745338553592
1.7845151193111946,-2.875961560031079
-0.6307972566263178,-0.2383268906325684
-0.9435116501494276,1.9257428528954348
2.890076116395168,-1.5085075282853235
0.8198668378053888,-0.39800008090975103
-1.7255598433838681,1.3535274559964723
1.9186306710083896,-0.9028798696972404
1.003845624795284,0.16140163360272552
-2.6520108887536367,2.6552194795295447
1.7054772674214123,-1.229979531998905
-0.0752578919905118,-0.13085529400634854
-2.8391384619534517,1.8989570188780567
0.7348167049395147,-2.240970206556883
0.3709016547719264,0.6208094107316215
-1.9431356959251849,0.48686992271948615
0.8334898156292612,-1.5714639259618888
1.4092530632572764,2.1731495586414695
-2.6857163707470852,-1.1592411086397578
-0.1955710548510181,2.251246386593972
0.3427081832162475,0.03159995379671887
1.5595031693613333,-0.3702372058227983
-1.0872414870628366,1.266497053635411
1.67932480589164,-2.7594851191761185
-0.30312290093679284,0.9954039150281302
-1.4692747005298672,1.6787028714810557
-0.3085563920488301,0.5802766944164244
0.34157192300140293,-0.49251832935871764
-1.4571217046894611,-0.5723156949161576
2.9544853183639956,-1.6190034759406515
1.0659288104650324,2.5180446299621204
-0.3490929533318998,2.470660707053712
-1.9965277033237017,-2.1082926235757715
2.624361405888192,1.3975953516899242
0.9970671664267199,-1.4957916480664164
1.6359345344978422,-2.896597127817169
-1.6587041277440424,2.5297271266503314
1.629303768344399,0.1872999315724213
2.219067814956423,1.6508468049341083
-1.615351058452362,2.6480467251570445
-1.3372917483282833,2.621953205829082
1.1454294010604356,-1.5712544352418536
-2.517754140348921,-1.356625000319631
-1.5284666145351595,-2.1187673350056597
2.231836644526304,-0.09995443091440404
-1.7764581926394247,-0.5243498417242689
2.480927924403117,2.63573946441881
-0.45641474335332344,2.898598502757025
2.828505186288073,-2.6661161855224202
-0.3011572932043274,1.415418489215357
1.5260195508449028,2.1682143531956086
-2.6218986389112406,-0.6959021506180019
0.7140238965415149,-0.31376628474716517
-1.6469879263761018,2.837757336726524
-2.5739695000573244,2.224896251162198
2.448951065321438,2.7233159163814227
1.283709332603478,2.4183248064000082
-1.8892760973423053,-2.5958502961048295
1.0172775577352144,2.3209764150113115
-2.5860774042270442,-0.5035558206244266
0.6450127316464074,2.885113685821101
0.7506728023839973,1.3182550238952482
1.040407585238392,1.0009491351075912
2.6076801260613793,2.1946652373056894
-1.7335747581575054,-1.7495737877281368
-0.7145575536435462,0.5486806648655174
-2.137786543854716,-0.8500781347290696
0.6777387962046588,2.865421180896087
0.2841268512508286,-1.7580227896594218
2.4966283852794815,0.08376197128126606
-2.7032517089240327,-2.8940086263395957
-2.2813192838293217,0.07635958568886636
0.2714103154906051,-2.6710660727251687
-1.118840257622487,2.381791615148793
-0.8748484639895158,0.05703771784815714
-2.644514356412123,2.8055766409682708
1.4354027443217312,-2.2410240598427698
0.17558842405731134,-2.4445456243430117
1.967844746631556,-1.2562973093887957
2.3604953214382807,-1.939999010233213
1.2212444035407906,1.5647647779512681
2.5640686342949284,1.2417066972260873
-1.3898772455621855,-0.8140679125752586
2.582055286078866,0.5102859883794801
-0.34319826484482974,-1.2756189996704823
0.35473894740511547,1.6369800558398024
-2.8420566817756656,0.2750526311650301
2.080720637384079,-0.8177593892705923
-1.697423291849977,2.9885427535265556
2.2595324188089574,1.810116077902153
-1.6380411995125357,-1.2672198742561445
-0.8237078590437275,1.0305293078177336
2.0773836473181744,-2.045460198537225
2.5909121288280916,-0.7648915209696319
2.984945267084285,-1.6254133005129305
-1.0609181283538391,0.8094865553265338
0.4040850131864664,0.1977451386663449
1.0751709078700005,-2.884663010347878
-0.6257136537780812,-1.2709297184435113
-2.354551203997558,0.787185944004313
-2.254324632195388,0.663378655693077
-1.930560483855061,-1.0346672579268932
2.231888059554924,-0.14321379935882472
-1.992752800528318,0.22227214919118055
-0.4207039823397989,-0.0721519249932916
0.7139398011659299,1.91728100662211
1.6083125018372533,2.1677622274945643
2.2195986373490424,1.7932394718004687
2.980118255398928,-1.7938540193651147
-0.7657485623754132,-1.6661759239053657
-1.8192343104175173,-1.0319980087354097
-1.596405124840075,1.1125750337980804
0.42828551913597623,0.9292298561392225
-0.975389715141064,1.6538040623543662
-1.9633671264611272,0.7561209850984403
0.4435102124122223,-1.9634629679257944
2.1884852515891353,1.9280346590146111
-1.460211043402247,0.6059321349104705
-0.7341769422639826,-2.3030348277357375
2.419046691648437,-2.053916672805463
-1.4397883368101567,-0.4390469944358282
-1.5834463266587173,1.3151456905899508
-1.7979421167278111,-0.4160355530586761
2.5709156038552923,-0.3394221164054132
-0.11616544248667893,-2.7227726997132153
2.828555266879354,1.2594668143760757
2.657926922181737,1.9923250114832713
-1.5438127045504262,1.5998517228291416
2.6247247142260965,1.321436198610047
-0.42594534717509136,-2.255606844278347
-2.5953687883240324,0.14559948540980905
-2.0341903302272386,-1.1427002920434681
-2.4142425304036577,-2.1202581083284833
1.9363271273504754,-1.4257282815581322
-2.2077745930311505,-0.32871077079709865
-0.5112564912473898,-0.8955585069385776
0.4428791524923721,0.13476118322023378
-0.8936307803579586,-1.534735744836724
2.569810232469286,-2.0323232488271525
0.1304831804795752,1.115579610023385
2.5776281063154283,2.17373626218689
2.3329679764393845,-0.23591842197258606
1.993236919974077,-1.1723469301457357
-1.382776035522274,0.028550654644682538
0.0020011001289246266,-0.8220639418912832
1.9974340036221827,0.6279885826167977
-2.245213789152455,1.1670120867527718
2.5662257863791247,1.3596876159971192
1.047408806774615,-2.899882836545949
-0.848858744285304,0.9813307191382563
1.8070928812858469,1.1246274224377952
-2.0018340403542645,1.4825422002136914
0.7651571260465655,0.12088323223651631
1.0198621085394404,-1.540948865845167
-0.8786667847390293,-2.8946061476652485
1.3202128007897622,-2.1768756690209785
1.0393551356249153,-2.5073347125486842
-0.29680923246597235,-2.7183331794816885
-0.9428405511186373,-1.3335090510541459
-0.7797673900806874,1.2853776331905147
-1.1429497797482968,2.847003026867055
-1.188379007808933,-2.714400998918852
-2.9904956216101257,-1.5474141524232008
-2.9544203664478865,-2.455679708848673
-1.0333393780538038,-2.1550305924897333
2.704186474276593,-2.096632628363899
-2.940310236915893,1.372128067023886
1.8261616456924799,-2.7668393351887994
-1.842255121925984,0.45921960398535067
-1.5015428398232207,-0.8072438905790227
0.8088510986886597,0.9524553273798801
1.689879143371801,-1.730617296050992
1.3549592781426556,0.9120117674071802
-1.9564502316562002,-2.480091087794539
-1.6623748323239915,-2.187442260617239
-1.501366094510791,-1.479133963658895
-1.1892834426287575,-1.4989408417752539
1.0792897105989834,-2.6415215961558447
-0.027562254311498613,0.08241551003374692
-2.8817391037797977,-2.5340458263478944
-0.3692111070865183,1.481462464449808
1.1991641210190345,0.1705220889342729
2.9309789141983797,-1.3950051868219295
2.1298703262476835,-2.3585181748083306
2.282037785775991,1.114443821965132
2.6596187298897522,1.6270976895840032
-1.9586543703010688,-2.939462668742813
0.7918712748879311,2.1684757345586583
0.3904199982833294,2.23694778373868
2.5240861602624127,2.1937419910169256
2.667009311100392,1.5636719858437784
2.5402722875606916,2.0700010959016577
-1.1583663970983917,2.4018455018308575
2.90841596390808,0.7611687059975174
-2.120900953770658,-2.9477214586284806
1.036485318985668,1.8461383175244723
0.32709484044357673,2.8966060745456
-0.4425523330651231,2.4326478032178205
1.2007332222419231,-0.14430740376606366
0.1587837138833681,-0.9720712841527046
-2.528104613897864,-2.554070730836249
-1.2278826894398593,-1.7306804438025645
1.4843828779908677,-1.3930831768671983
-2.1527926304483125,-1.826128740875026
-0.04484897199993698,0.6400943560375438
2.088817980991525,0.6484963848564851
1.1514130606337218,-1.7765115638341424
0.6830902089707935,-2.744580246310023
1.97555088120209,-2.688615042755359
1.4708225631083796,-2.807942071168251
0.5303792523273949,-2.4070156890095413
1.9586461967774138,-2.3720623161070917
-2.463319099630256,2.415936524500319
0.8946480293296828,-2.4605927489926254
1.4432788495320965,0.2673147374260063
-2.760209579038654,-2.73899818776164
-0.026598204552904736,-0.5683759173091234
-2.7592717855058106,-0.7875544940230395
2.0574074312389605,-1.52029229117592
-0.7956859828302361,-0.9751406239187048
-1.7994825029551094,-0.7581895857923957
0.9500077584389892,0.6862924316196315
0.6518538060888406,-0.4764713036368877
2.190178700535668,-0.06892945740541645
-1.2000874956659382,2.6059290301244173
1.3867848375589364,0.067860610022902
-2.9943397416446684,0.4659257759860491
0.18481733410086232,0.15184469181301807
0.4717763123783638,-2.729160046815611
1.1171157193049686,0.8382837725360615
1.501937650763228,1.0207378973077077
-0.7317941362678488,2.3976278584652304
0.7369866805882515,-1.4391624791440938
-2.52345290209719,-2.866108935257448
-2.4222802198072815,-0.23823674914794246
0.2371429664382667,1.4967920204786296
-0.051720548992557625,-1.271862566887199
-0.5410402750078305,-0.8547950030570073
2.666238073715909,-1.3743250752947305
-2.2400496672042562,0.5468730258027592
-1.4143456199967936,-0.07430661212864909
1.7593956466087786,1.571583087538043
2.4148649419991415,-1.010740240302075
1.9426989073634138,-1.3042757311155981
1.2716445031071508,1.1328638556573312
-2.0219258061328533,0.1739947178076937
0.04274897999817329,-1.933076115429297
1.1742997580734196,2.3464673400393696
-1.6560530267671847,-1.8548400936613338
2.490706755324897,1.4877085980276394
-0.8825245732427973,-2.2090152412951367
2.8293673954607144,0.5800784094111995
-2.3756110074391157,-0.1040309709956393
-2.616435448601026,-2.5942335252744093
-0.3297828447339821,0.013368996861235605
2.9471970164700956,2.066637841158215
1.084457544601924,1.1167223388904315
2.5918741382450836,-0.1950344663853274
0.07530055574349559,0.21018069840790288
-0.529520141624654,0.7737061122093722
2.618688186254732,0.9969496808885143
0.37238477519440494,-2.646703304960557
-2.809801093721961,-2.497303343939768
-1.45788775823119,1.0356509942583747
-1.8339807705470792,1.9914649008412013
2.3963201489289876,0.7858023408408936
-0.15753254244143156,-2.051845791284746
1.1542488087718805,1.9786634905982785
2.0029877966685223,2.3355648776102464
1.1985661742681843,1.4554811348077763
-2.0001459243895927,-1.7665289928311638
-0.17842564146803674,1.5698502370964542
0.8117574521832926,-1.9041667189261893
1.2225427600534324,2.6071495937666223
-1.5518164137382542,-2.2460212872671343
0.9638704557850843,1.0845563730523722
-0.4462452825059904,-1.6660597738181082
1.2153177040777603,-0.2784866599883511
1.4072172275857424,1.2998556310475555
0.3511932140488305,-1.7317400066802184
1.6755424208773642,-0.8964530707736635
0.06909105093707257,0.6048710156523835
-2.2081678943209955,1.9921096058175225
0.8330429531686665,-0.003312275617411764
-2.516873259508201,-2.1818338776497104
1.2323686693002411,0.06401256799050792
0.2325631697249717,0.9949906335792331
2.277218254868652,1.022087261309002
0.9041730962691106,-0.6160601292467045
-1.1151774733700364,-1.9045391283521544
-2.745638266871417,-0.5760291601672853
-1.9338660747187966,1.1562982108043656
1.8557299494333144,2.023227060959833
-1.2040361799445503,1.3178794681963426
2.0921834130826795,1.5113788085830526
-0.8021361795915496,-1.7141464309459944
-2.7111117209995372,-2.187818475520964
0.08141401215532529,0.9824193088457642
0.9698926072593221,2.5613455243645786
-0.6890195631485905,1.8903045632534354
-1.9577403324585338,2.9695327281185566
0.38077599851532806,0.0415375939290219
-2.232172690478941,2.480696023315341
-2.567166646473553,0.8534850936097635
-2.5152779436611827,-0.663803608660841
-0.6959301044712696,-1.746284349046964
1.0016824288851467,-0.9927516070031142
-0.44944717293929726,2.94954743091826
1.593970155122359,2.8815363129656806
-2.7832554391924447,-1.066404046597365
1.8610568739818518,0.6047915175587892
2.547975855007828,-0.5815478506532772
-0.9416902881456943,1.4094476035038177
1.398769065360237,2.7453394953008683
0.8830089011004034,-1.9184830461296263
-2.880988052435848,-0.9741062362296296
-0.7351021028112608,1.2502573098300847
2.110643274393486,-0.2466584970394603
0.24373462766520904,0.45572550624008556
-2.2916980733962085,-2.7455592873060883
-2.972335838750804,2.2964922644188484
0.2817947615422831,1.7523000040163472
0.47377618337767835,2.281485031557878
2.1299033074975053,1.5459563992190848
-2.063662460715195,2.076330197614065
1.0918880328566951,2.811108775962782
-0.450120976628531,-0.7428835175700996
-2.9365149253698712,0.23349402817433296
1.5327330023462142,1.0100914711729843
1.0163546431222912,-0.5027685413571943
1.6006714732076421,0.8250897327895279
0.4615148024558824,0.1316296808954256
-0.45220936473363427,0.38175922044679567
-1.3120374491657578,-1.5202213887361646
2.3058657719583184,-0.2273422508401426
1.3455188523590431,2.2842944880824385
-1.1637000583236803,-2.337838214872285
1.3620878992138357,1.3266572637305813
-1.0967598701725014,0.09931875747561714
-0.30058139380123805,-0.9094298562181287
-1.2477536904914632,1.5088867987387484
2.40823303098047,0.9724848072610106
-2.5548983902643574,-0.8648646316077615
0.7848229946248892,0.02877721087023488
2.0586094252139873,-0.2480868771554272
2.1958891520508876,-2.056628651231177
0.3059060518052479,1.268492166347202
1.7686476580842214,-1.372604965537639
2.4115773325296175,2.0094799987117327
2.9899387166315137,-0.005871751545430293
2.734018741394193,0.307783908531273
0.031177659193265317,0.4266611862267178
-1.2325713585532825,-2.236641809492945
-1.8790211582002274,-1.1706352858131617
1.0497393280194078,2.2519599789510973
-1.4823948291008637,-2.904704988917306
-2.69580104060879,2.721618426488929
-2.412281459008409,1.3336499792943899
1.921183207731513,2.091647429469395
-2.1034179308276975,-1.900365551089172
-1.8088353597542672,0.9279160943817129
0.985458505608868,2.5106931303130384
-2.796940014149104,2.3779991037727397
0.15990497180200602,0.3121988389896737
0.6409816243384423,1.2779547902892157
0.003738948286524213,-0.7085946655666797
1.507393073104141,-0.7471488228689873
2.6443287003750164,0.3016176182071524
2.9089574848506983,2.2592475513301755
-2.8629716960245606,1.9003649003745728
-0.8641656292132138,-2.211954617045046
0.2716670382860755,-0.319256533453522
2.3167305285892894,-2.9950229924694067
-1.8796346902417633,2.4690075947708214
1.239226378330586,-0.8978400808439284
2.186172696892389,-2.8180282815555833
0.24550373224642819,2.123333717434548
-2.538755938965928,-0.3749372513194671
-2.103750763953608,-0.5500153131709196
-0.824785361003662,2.333472537773746
0.9928893654490247,0.504704989686108
0.020596380143179438,-2.4486076075509864
2.220763728494317,0.5059742207497573
1.978819809555338,-2.3403926804302273
-2.6378244565481705,1.46116083470302
-0.8100386423289607,2.235347729260858
-2.6134891121512713,2.6744516865528407
-1.3814328261448234,2.3114877631253314
-2.579206456254002,-1.2769441196769178
0.6314233456561933,2.5972911705851818
-2.427570567056823,-1.1824552712531926
2.8379432479992373,-2.2126057278654687
-1.1351179514434946,0.5906658435472583
-1.7717515509012685,0.4439970434984444
1.2269347660419667,-1.4104553192193645
2.067788027698702,-1.6534567031577463
-1.5320901108526708,0.6079881326063861
-1.8513961827154328,0.31072041021276364
1.2644966676880216,-1.7578981155912505
-1.8654561816784612,-2.2543593122119416
2.4157385394650994,0.3381196840306435
-0.9911776795727749,0.6749101020400978
2.861961119863949,-0.7513255182554994
0.6567992828820302,1.3014223196840113
2.2617967726368153,2.3219551018889124
1.341025982514644,-2.7360278999147587
-0.23906025321583835,2.6284184736523493
-2.936798162450576,-2.9114177692118837
1.714318572190738,-2.5668071209037393
-2.0332030762598423,-1.3845037977745875
-1.0528037429456614,-1.9969612348642918
0.8080956306705,-0.6355179093942
-2.7537997783767834,2.8368513620909086
-2.397925142970795,1.0992497788220286
-2.3884729018946897,0.08876322474578657
-2.6210169448015916,-1.7769912063219484
1.871232436403056,-2.6200326181190308
1.0728001910910754,2.05589234071401
-1.7511504281240862,2.021617873484429
-0.6735182482518547,0.34582319858266164
1.8928771533779427,1.983398782229635
-2.9885378672326057,0.7488369933349279
2.851201379596482,0.4402131426655602
-0.9103433363109605,-1.3784419585973886
2.385987423750427,0.9535150248830897
1.378435794861657,-2.8681502694525003
-2.7576017661248935,-0.18623808090101956
-1.9634249141254383,0.9392974173952364
-2.684168283807651,-0.27888585396185217
-1.2115436478515462,-2.2861420879510663
-2.819728418879847,2.382121120962779
0.9226694464966974,-0.3118009968062019
2.8437714121854887,1.5577151593677492
-1.9851903360324283,0.5521694258637426
1.895792919939475,-0.7833132436480872
2.606460910136583,-0.6432674551648043
-1.4707432108295158,0.38472936664477286
-2.5270875119055667,0.5787128542763296
0.5679261488899563,1.2933829669920325
0.7039252228249318,-2.3398098249717836
2.9931299030324254,2.38914907457693
2.1454008969316876,1.3907772079141303
0.5596083739750908,-1.0418882589085854
-2.6660970632951004,-2.581958900007404
1.8849507756791155,-2.078760358981821
0.5399999518030629,-0.5961017128011701
1.4767028123562715,-0.1864622454642877
-1.527707516564928,1.22280830344668
2.7816303629803247,-1.196453335751283
-0.39109456670438014,-2.0176517602279613
0.1239113598273085,-2.988406953413261
-2.3893075476364647,1.1068902630968651
2.673481983173536,1.314678917018651
-1.859009305014109,2.537036513804553
-2.9497479562913576,2.145321052106408
-2.5372391877844915,0.9982322204088794
2.2746062808927183,1.0186643609451353
-1.6794790735564475,0.7433022909115667
1.8933493920918636,1.1447832180333624
-2.5108986589169167,1.5958525529935805
1.6315613561285973,-0.17103137521341516
0.12110121440472144,-1.2828357821658443
-0.6925063825668838,-1.2877726461274464
-0.9848353218478794,2.1729744968410554
0.4169976920009102,0.14459756314910077
2.9029445067612736,-2.126627674796395
0.5890111149219761,-2.968557890951602
-1.979873393452392,-2.7775616856043577
-2.280177657413426,2.9915519753848248
1.9106884975394625,-2.794731633729789
-2.741112340746536,2.998551969577118
0.8635093344234406,-0.3600354650426807
-1.7262464459170574,-2.042739384919296
1.542583846060941,-0.7105833516369255
-0.5686741418944381,2.151275920369275
0.9202291400877529,-0.8292370050084843
0.319414246589814,0.13944370756642677
2.1181648793859074,-1.513834925453888
1.2153673286366393,0.6171631749587787
-1.5827662598954393,2.1209580970631574
-1.2546140197816134,0.40678430944339894
0.30755188763742236,2.832393118198011
0.43056958545235746,0.9217397487856003
-1.5587252929014042,-1.9939098853278998
2.1910608454887948,1.4687584376371277
-1.972590113024098,2.8337007082698493
1.84054933053143,-1.5470889227667501
-1.4410852710465762,2.8066499516155625
-2.390372603452982,2.734669921819525
0.41334604536966024,-0.29677451865579485
0.10192058804232973,-0.2949562329209878
-2.9763209215296085,-0.9255266208115023
2.5363184196935658,0.646630225311116
2.4644340441328403,-2.58746614653026
-1.3634115790565966,2.5532992427399996
2.300661412889312,0.8708595646978932
0.07141765490914409,0.3330788775337563
2.7946539493378424,-0.06630174719944826
2.0620731510687023,-1.7492808353508982
-0.3153932263756838,-0.4726073444900045
-0.27378476306405153,0.45348490363536964
1.844838353956102,2.8305478325423987
2.5849931341907935,1.9532228275884655
-2.6258121155598393,-1.919875628887138
-2.618103728721583,0.3966839901070922
-0.6769156196168904,-0.07072310331891618
2.1130759673115413,-0.6616888816255964
-2.5954148499415277,-0.8096046842204503
-2.772562635122826,-0.990316392226569
2.307431647702267,-1.8734657634625478
2.015847458315182,-1.4205258421688363
-1.3592387654900695,-2.3806880119916802
1.1871318195754048,-1.342759812497457
0.5876166949305848,2.2478183402588288
-1.4445310978646488,0.8219408698250823
0.5447619164987918,-1.1963063669259866
0.25294884652219585,2.899781195256347
-0.8594709312615483,0.2945928547237089
2.534533136046514,-2.2888840441147087
1.9991980730295609,0.006873323823234578
1.637402989595337,1.8584143066856917
-2.481831197255879,-0.6880013728192451
-0.6990934539318547,-2.605316332410485
2.347623882176608,-0.9070738479472666
2.94789739390938,-2.291445256380647
2.212942314924094,0.7064113192762611
-1.1211856395192006,-2.500830797840681
-0.8363772707693391,-2.9165505608850486
-1.4786524855214047,1.0426218721050091
2.683863460595706,0.15595056760981363
-2.426036931180528,-0.8883427792119738
0.9309128261007684,-0.07065539264166887
0.5941545730549036,-1.8688387583982555
-0.9028983288334178,-1.0880536877612554
1.9006252477225,1.8900091884333525
-1.9547451489529188,-2.327517102556099
0.49912866073156525,2.75979585354934
-0.8585297748866316,-1.8375400914757927
-2.438100900285699,1.4027520174022658
-2.518181801035006,-1.2028251918438257
-0.8217502385166675,-1.1529963549988687
-1.6663232538047847,1.0694994796729844
0.3728219422940331,2.641065200768166
-0.9994314968805273,0.26626879721870633
1.3986394078432571,-2.9265883721689248
2.665923818683841,1.965472377383131
0.35092906756119113,1.2385084074772283
2.58362476779706,1.0986524276739367
0.8933939221585754,-0.036394306418411126
-1.6240214285751613,0.43661724695371085
1.225024830523762,-1.595907411960175
-2.5510202983179218,-0.831635980688898
-1.4983556951024268,-0.39850346467034914
-0.09154143643980994,2.483684524386743
0.5275372917941779,-1.0044027326674136
-1.3550428172249536,0.3246209460842504
2.1980707589754047,-2.659052534233444
1.1272948516664183,-0.517667072139468
2.247934019243772,1.1276379923069753
-2.0030006123212685,-1.114498755953859
-1.6886144013293956,-2.394179785302968
0.8757977370760477,-1.839674536184479
0.374526282872111,1.372357791180269
1.6885427755375089,-0.959738998077853
1.4681406189462356,0.5623424431504356
-2.819727901501296,1.064366820810207
2.050550197723096,1.8793345650391347
-0.5069698304008639,1.3662992929956435
-0.4321941508373026,-0.44245872179651524
-1.3113581706081958,0.5221521298275831
1.980356373537644,1.5903484285605902
1.223628949082376,-1.7882342319879512
0.05219260024218553,-1.210484034099844
-2.0441258059719853,-2.9386136367181948
0.7473650520398696,2.589154208604005
1.4068211822671852,2.632347101754606
0.9183847234062541,1.2137238859497979
0.44158706821563243,2.0048443078798943
0.6790127975791962,-2.5394968542411798
2.208130237139663,-1.4093098435276803
1.8032245799787434,2.388688816597072
2.8629955562905973,0.16273565421576208
0.5554527593392757,-0.40198374346144705
-0.8526313145197975,-0.3985176742601153
-1.872141311231422,-2.491497128150069
1.7274362108189125,0.7009337886483138
1.5267531156752838,-0.7948168128661672
-1.8861841810458309,0.7271612742210314
-0.3696471522746885,-0.8233426696224164
-0.17887278534145068,-1.1705432904004027
-1.2404075239336148,-1.7405273553064262
1.8068642227922869,2.881331980375185
-2.8377770032833727,2.6533675915318744
-1.4280253140161492,0.8827627894291927
-2.1341426985584717,-2.980640811240576
-1.4262712493248655,1.2226645573711874
-1.935903050207845,1.5139175386140913
1.1973250073943449,0.8196997902787806
-1.8805591395597294,0.27067240744717047
0.5093123337069807,-1.8344509738743446
1.871577938187369,0.6113975247780559
-0.7376348857076693,-1.3971068365539516
0.6068674861119225,-2.5632615752333923
-2.9616004069725284,1.855118284216486
-0.6481167780865573,-1.3295279876761028
0.8044467957956449,-0.9446237920054936
-2.629390497528058,1.7276119465599384
-1.390408549390154,0.4253383711214047
2.124971653619583,-0.3205156103513729
-0.9088546674825198,2.770109468037017
-2.350449308557403,0.8410651216684477
-2.508488142270391,-0.8327008730872656
-2.1194500605101867,2.1685319344046814
-2.5150682415774748,2.508716375401474
-0.7179293425508426,-0.9655766471467451
-1.2701083439200442,0.07004500465740016
1.7464976032473105,-2.4599006410967985
2.0754324522043133,0.3654456338214791
-1.1701143599964716,-1.047579617172849
2.999193162915823,0.6717362294710885
2.7801126351859367,1.7991836829653556
-0.7527980215590881,-0.5480188774917294
2.3627385982439773,-0.6119327000067809
-0.40165321644805374,1.0976000116463958
-0.9039740243833747,1.6585389295382864
2.9123306997581055,1.2479395496024583
2.15562071159858,1.1652284473899126
1.5663332375878136,0.2108940906817307
0.7837850994368258,0.47419284040784326
-1.4886884056764214,-0.8762830412498812
-1.9459270840290024,2.4238194893074105
2.1068751594753916,-1.670320340486022
1.6417618893409118,-2.700560933944834
-0.9784995736477704,0.9264737274091464
1.943581006663499,-1.257415434485723
1.8807131512574795,-1.0519793583019033
-1.027884174341621,-1.9180829985934833
0.18535837942786593,1.6017128223261174
-0.5721621145124978,-1.5849608980685492
-0.22057891835033594,0.8501788995416373
-1.9692599433084805,-2.5435288663403153
0.5027877919667376,2.5136251040459063
-2.6459418721513046,-1.880104422810735
-1.7776222030217372,0.7659815510794372
1.3768354767253426,2.8290437562989013
-2.1120491433297177,-0.9291290336117841
-2.3988846719513353,1.9305404107729478
0.9168615954990686,-1.4191802012027999
2.2367081766874124,-1.939292476004497
